,Annees,Classement,prenom,nombre,pourcentage
0,1900,1,MARIE,48727.0,0.20497558061761476
1,1900,2,JEANNE,13983.0,0.05882105493414549
2,1900,3,MARGUERITE,8059.0,0.03390108572654498
3,1900,4,GERMAINE,6981.0,0.02936635804156974
4,1900,5,LOUISE,6698.0,0.02817588685896492
5,1900,6,YVONNE,5099.0,0.021449514346650066
6,1900,7,MADELEINE,4960.0,0.020864795285229325
7,1900,8,SUZANNE,4954.0,0.02083955561351332
8,1900,9,MARTHE,3772.0,0.015867340285460687
9,1900,10,MARCELLE,3767.0,0.01584630722569735
10,1901,1,MARIE,52167.0,0.20251714914613364
11,1901,2,JEANNE,14966.0,0.058099404875132474
12,1901,3,MARGUERITE,9018.0,0.035008715298940576
13,1901,4,GERMAINE,7694.0,0.02986882407518838
14,1901,5,LOUISE,7204.0,0.02796659847123175
15,1901,6,YVONNE,5718.0,0.022197808170253075
16,1901,7,MADELEINE,5628.0,0.021848419794016142
17,1901,8,SUZANNE,5328.0,0.02068379187322637
18,1901,9,MARCELLE,4259.0,0.01653383438214548
19,1901,10,MARTHE,4115.0,0.015974812980166387
20,1902,1,MARIE,51870.0,0.1983435047951177
21,1902,2,JEANNE,14932.0,0.05709784487373622
22,1902,3,MARGUERITE,9105.0,0.03481622539347497
23,1902,4,GERMAINE,8339.0,0.03188715030820294
24,1902,5,LOUISE,6985.0,0.02670964682849233
25,1902,6,MADELEINE,5945.0,0.02273283470227443
26,1902,7,YVONNE,5931.0,0.022679300692883035
27,1902,8,SUZANNE,5621.0,0.021493904770645007
28,1902,9,MARCELLE,4724.0,0.01806390431178207
29,1902,10,MARTHE,4040.0,0.015448385567231068
30,1903,1,MARIE,50445.0,0.19287901902981222
31,1903,2,JEANNE,15020.0,0.05742973269556506
32,1903,3,MARGUERITE,8850.0,0.03383842439119513
33,1903,4,GERMAINE,7937.0,0.030347522530272963
34,1903,5,LOUISE,6870.0,0.026267793849436217
35,1903,6,MADELEINE,6238.0,0.023851309757319233
36,1903,7,YVONNE,6087.0,0.02327395358974065
37,1903,8,SUZANNE,5778.0,0.02209247639913282
38,1903,9,MARCELLE,4764.0,0.018215395909565377
39,1903,10,MARTHE,4165.0,0.015925088993144373
40,1904,1,MARIE,50153.0,0.1893094675494289
41,1904,2,JEANNE,14912.0,0.05628741610864921
42,1904,3,MARGUERITE,9009.0,0.03400572235265697
43,1904,4,GERMAINE,8266.0,0.031201165608509548
44,1904,5,LOUISE,6847.0,0.02584495293025222
45,1904,6,YVONNE,6771.0,0.025558080369612646
46,1904,7,MADELEINE,6371.0,0.024048224787299094
47,1904,8,SUZANNE,6060.0,0.022874312072050308
48,1904,9,MARCELLE,4748.0,0.01792198576206186
49,1904,10,MARTHE,4282.0,0.016163004008666573
50,1905,1,MARIE,48998.0,0.18301615463628723
51,1905,2,JEANNE,15119.0,0.056472126248949484
52,1905,3,MARGUERITE,9061.0,0.033844429918759925
53,1905,4,GERMAINE,7913.0,0.02955644784760482
54,1905,5,YVONNE,6932.0,0.0258922401718181
55,1905,6,LOUISE,6756.0,0.025234849192268184
56,1905,7,MADELEINE,6699.0,0.025021944159118497
57,1905,8,SUZANNE,6284.0,0.023471846110747967
58,1905,9,MARCELLE,5206.0,0.019445326361004763
59,1905,10,MARTHE,4196.0,0.015672798580633113
60,1906,1,MARIE,48465.0,0.17744232620976746
61,1906,2,JEANNE,15500.0,0.05674932541527692
62,1906,3,MARGUERITE,9253.0,0.03387751664951983
63,1906,4,GERMAINE,8043.0,0.02944740802032724
64,1906,5,YVONNE,6973.0,0.025529873943272642
65,1906,6,MADELEINE,6911.0,0.025302876641611533
66,1906,7,LOUISE,6744.0,0.02469144842584694
67,1906,8,SUZANNE,6741.0,0.024680464685443982
68,1906,9,MARCELLE,5647.0,0.020675060685165725
69,1906,10,MARTHE,4367.0,0.015988664779904148
70,1907,1,MARIE,46069.0,0.1702463396427225
71,1907,2,JEANNE,14704.0,0.054338105409420474
72,1907,3,MARGUERITE,9045.0,0.0334254735737356
73,1907,4,GERMAINE,7908.0,0.029223730792824885
74,1907,5,YVONNE,7146.0,0.026407787082135387
75,1907,6,MADELEINE,7058.0,0.02608258623365681
76,1907,7,SUZANNE,6816.0,0.02518828390034072
77,1907,8,LOUISE,6600.0,0.024390063635893303
78,1907,9,MARCELLE,5792.0,0.021404128572590005
79,1907,10,MARTHE,4518.0,0.016696107198025143
80,1908,1,MARIE,47479.0,0.16842437593339507
81,1908,2,JEANNE,15323.0,0.0543559618447611
82,1908,3,MARGUERITE,9210.0,0.03267104408994647
83,1908,4,GERMAINE,7911.0,0.028063043408856302
84,1908,5,MADELEINE,7607.0,0.026984650639763606
85,1908,6,YVONNE,7430.0,0.026356770639337924
86,1908,7,SUZANNE,7054.0,0.02502296905651275
87,1908,8,LOUISE,6623.0,0.023494063518753036
88,1908,9,MARCELLE,6150.0,0.021816169506316048
89,1908,10,MARTHE,4561.0,0.016179438881025607
90,1909,1,MARIE,46419.0,0.16557930820459224
91,1909,2,JEANNE,15861.0,0.05657712159747167
92,1909,3,MARGUERITE,8874.0,0.03165408089376229
93,1909,4,GERMAINE,7956.0,0.028379520801304115
94,1909,5,MADELEINE,7514.0,0.02680288075678722
95,1909,6,YVONNE,7362.0,0.026260687800301774
96,1909,7,SUZANNE,7141.0,0.025472367778043327
97,1909,8,LOUISE,6442.0,0.02297899358999511
98,1909,9,MARCELLE,5985.0,0.02134884766161452
99,1909,10,LUCIENNE,4427.0,0.01579136985763868
100,1910,1,MARIE,45320.0,0.15987977266874337
101,1910,2,JEANNE,15903.0,0.05610256012248512
102,1910,3,MARGUERITE,9025.0,0.031838370439881046
103,1910,4,MADELEINE,8132.0,0.02868804747004018
104,1910,5,GERMAINE,8063.0,0.028444629457812835
105,1910,6,YVONNE,7666.0,0.027044093938185937
106,1910,7,SUZANNE,7545.0,0.026617230467468417
107,1910,8,LOUISE,6113.0,0.021565424764431337
108,1910,9,MARCELLE,6024.0,0.021251450806630847
109,1910,10,RENÉE,4572.0,0.016129089158020624
110,1911,1,MARIE,42314.0,0.15573393398035384
111,1911,2,JEANNE,14768.0,0.0543526666593058
112,1911,3,MARGUERITE,8405.0,0.030934057642975705
113,1911,4,MADELEINE,7868.0,0.028957663954185944
114,1911,5,YVONNE,7409.0,0.027268344209019274
115,1911,6,SUZANNE,7197.0,0.026488091951992403
116,1911,7,GERMAINE,7088.0,0.026086924517955003
117,1911,8,MARCELLE,5847.0,0.021519504466208084
118,1911,9,LOUISE,5824.0,0.021434854457191017
119,1911,10,RENÉE,4561.0,0.016786464831601688
120,1912,1,MARIE,43725.0,0.15283705420341223
121,1912,2,JEANNE,15524.0,0.05426283429282496
122,1912,3,MARGUERITE,8363.0,0.029232162019511412
123,1912,4,MADELEINE,8231.0,0.028770767138897337
124,1912,5,YVONNE,7852.0,0.027446004565012984
125,1912,6,SUZANNE,7469.0,0.026107260328079723
126,1912,7,GERMAINE,7425.0,0.0259534620345417
127,1912,8,MARCELLE,6379.0,0.02229725714725138
128,1912,9,LOUISE,6051.0,0.021150760777240648
129,1912,10,LUCIENNE,4753.0,0.016613711117868916
130,1913,1,MARIE,42714.0,0.1490546680345889
131,1913,2,JEANNE,15356.0,0.05358625936084532
132,1913,3,MARGUERITE,8289.0,0.028925273758924647
133,1913,4,MADELEINE,8259.0,0.02882058583362995
134,1913,5,YVONNE,7908.0,0.027595737107682
135,1913,6,SUZANNE,7394.0,0.025802083987632868
136,1913,7,GERMAINE,7116.0,0.02483197587990201
137,1913,8,MARCELLE,6415.0,0.022385768025515937
138,1913,9,LOUISE,5822.0,0.02031643670219077
139,1913,10,RENÉE,5090.0,0.017762051325000174
140,1914,1,MARIE,42335.0,0.14986158998067214
141,1914,2,JEANNE,15378.0,0.054436554404695324
142,1914,3,MADELEINE,8484.0,0.030032496265407407
143,1914,4,MARGUERITE,7775.0,0.02752270844690507
144,1914,5,YVONNE,7435.0,0.026319143061445553
145,1914,6,SUZANNE,7410.0,0.026230645606632352
146,1914,7,GERMAINE,6596.0,0.023349168477914576
147,1914,8,MARCELLE,6366.0,0.02253499189363314
148,1914,9,LOUISE,5691.0,0.02014556061367675
149,1914,10,RENÉE,4975.0,0.017610993507826717
150,1915,1,MARIE,26763.0,0.146706061635951
151,1915,2,JEANNE,9650.0,0.05289816144628507
152,1915,3,MADELEINE,5019.0,0.027512525626829508
153,1915,4,MARGUERITE,4665.0,0.025572012761338844
154,1915,5,YVONNE,4547.0,0.024925175139508624
155,1915,6,SUZANNE,4260.0,0.023351934483023255
156,1915,7,MARCELLE,4158.0,0.0227928036573734
157,1915,8,LOUISE,3773.0,0.020682358874283272
158,1915,9,GERMAINE,3721.0,0.020397311786697073
159,1915,10,RENÉE,3332.0,0.01826494030456185
160,1916,1,MARIE,19773.0,0.13518428627099757
161,1916,2,JEANNE,7627.0,0.05214436612496325
162,1916,3,MADELEINE,4269.0,0.029186350988261195
163,1916,4,MARGUERITE,3949.0,0.026998571106264573
164,1916,5,YVONNE,3743.0,0.025590187807229246
165,1916,6,SUZANNE,3585.0,0.02450997149049341
166,1916,7,MARCELLE,3582.0,0.024489461054099694
167,1916,8,LOUISE,2952.0,0.020182269411418843
168,1916,9,GERMAINE,2937.0,0.02007971722945025
169,1916,10,RENÉE,2903.0,0.01984726561698811
170,1917,1,MARIE,20315.0,0.12843775684390213
171,1917,2,JEANNE,8114.0,0.051299235000316114
172,1917,3,MADELEINE,4804.0,0.030372384143642916
173,1917,4,SUZANNE,4164.0,0.026326104823923627
174,1917,5,MARCELLE,4121.0,0.026054245432129988
175,1917,6,MARGUERITE,4084.0,0.025820319908958715
176,1917,7,YVONNE,3989.0,0.025219700322437883
177,1917,8,RENÉE,3368.0,0.02129354492002276
178,1917,9,GERMAINE,3164.0,0.020003793386862236
179,1917,10,ANDRÉE,3059.0,0.019339950685970792
180,1918,1,MARIE,22373.0,0.1252126706962167
181,1918,2,JEANNE,9009.0,0.05041974479516454
182,1918,3,MADELEINE,5467.0,0.030596597268860534
183,1918,4,MARCELLE,4920.0,0.027535258562793822
184,1918,5,SUZANNE,4902.0,0.02743451981195433
185,1918,6,YVONNE,4642.0,0.025979404522050595
186,1918,7,MARGUERITE,4597.0,0.025727557644951868
187,1918,8,RENÉE,3873.0,0.021675621222296843
188,1918,9,GERMAINE,3741.0,0.020936870382807254
189,1918,10,PAULETTE,3627.0,0.020298858294157153
190,1919,1,MARIE,23824.0,0.12088246635952182
191,1919,2,JEANNE,10054.0,0.051013780925899616
192,1919,3,MADELEINE,6137.0,0.031139006717947677
193,1919,4,YVONNE,5459.0,0.02769884922165168
194,1919,5,SUZANNE,5448.0,0.027643035456962513
195,1919,6,MARCELLE,5087.0,0.02581132917943618
196,1919,7,MARGUERITE,4992.0,0.025329301211666093
197,1919,8,RENÉE,4400.0,0.02232550587566723
198,1919,9,PAULETTE,4194.0,0.021280266282397355
199,1919,10,ANDRÉE,3952.0,0.020052363459235657
200,1920,1,MARIE,38309.0,0.11592277665143583
201,1920,2,JEANNE,16739.0,0.05065210155233455
202,1920,3,MADELEINE,9970.0,0.030169153024480286
203,1920,4,SUZANNE,9489.0,0.028713650255696433
204,1920,5,YVONNE,9055.0,0.02740036917118044
205,1920,6,MARCELLE,8632.0,0.026120374012769693
206,1920,7,MARGUERITE,8266.0,0.025012860471449752
207,1920,8,PAULETTE,8041.0,0.0243320119829334
208,1920,9,RENÉE,7412.0,0.022428662208369896
209,1920,10,DENISE,7066.0,0.021381668532695856
210,1921,1,MARIE,36817.0,0.11286910776475205
211,1921,2,JEANNE,16068.0,0.049259331927208515
212,1921,3,MADELEINE,9450.0,0.028970667582282828
213,1921,4,SUZANNE,9102.0,0.027903811252268602
214,1921,5,YVONNE,8796.0,0.0269657134448423
215,1921,6,PAULETTE,8129.0,0.024920905478981705
216,1921,7,MARCELLE,8030.0,0.024617403247167314
217,1921,8,RENÉE,7318.0,0.02243463972139108
218,1921,9,MARGUERITE,7303.0,0.02238865453475254
219,1921,10,SIMONE,7249.0,0.02222310786285378
220,1922,1,MARIE,34174.0,0.10946048096757248
221,1922,2,JEANNE,14691.0,0.04705577122650575
222,1922,3,MADELEINE,8682.0,0.02780874043894377
223,1922,4,SUZANNE,8620.0,0.027610152336292937
224,1922,5,YVONNE,8082.0,0.02588692009070992
225,1922,6,PAULETTE,7618.0,0.02440071235474241
226,1922,7,DENISE,7442.0,0.02383697838592715
227,1922,8,MARCELLE,7114.0,0.02278638326222598
228,1922,9,SIMONE,6911.0,0.022136167377740195
229,1922,10,MARGUERITE,6673.0,0.021373845306274102
230,1923,1,MARIE,33524.0,0.10662137707086995
231,1923,2,JEANNE,13855.0,0.04406512287665264
232,1923,3,MADELEINE,8751.0,0.02783211045063784
233,1923,4,SUZANNE,8374.0,0.02663308112371629
234,1923,5,PAULETTE,7875.0,0.02504603700134533
235,1923,6,YVONNE,7770.0,0.024712089841327393
236,1923,7,DENISE,7725.0,0.024568969629891132
237,1923,8,ODETTE,7218.0,0.022956481914375947
238,1923,9,SIMONE,7099.0,0.022578008466355617
239,1923,10,JACQUELINE,7059.0,0.0224507905006345
240,1924,1,MARIE,32394.0,0.10239535721736492
241,1924,2,JEANNE,13215.0,0.041771767785005784
242,1924,3,MADELEINE,8063.0,0.02548662608024984
243,1924,4,SUZANNE,7955.0,0.025145245004140827
244,1924,5,DENISE,7901.0,0.02497455446608632
245,1924,6,JACQUELINE,7895.0,0.02495558885074693
246,1924,7,ODETTE,7632.0,0.024124262711703683
247,1924,8,PAULETTE,7517.0,0.023760755084365377
248,1924,9,SIMONE,7374.0,0.023308741252109924
249,1924,10,YVONNE,7279.0,0.02300845234256959
250,1925,1,MARIE,31712.0,0.09776821361516098
251,1925,2,JEANNE,12314.0,0.03796410767082153
252,1925,3,JACQUELINE,8981.0,0.02768845630921294
253,1925,4,DENISE,8167.0,0.025178891290206222
254,1925,5,ODETTE,7887.0,0.02431565025172725
255,1925,6,MADELEINE,7759.0,0.02392102577699401
256,1925,7,SUZANNE,7737.0,0.023853199695399233
257,1925,8,PAULETTE,7682.0,0.023683634491412295
258,1925,9,SIMONE,7191.0,0.022169879670365242
259,1925,10,YVONNE,7027.0,0.021664267062113277
260,1926,1,MARIE,31104.0,0.09572906311458003
261,1926,2,JEANNE,11416.0,0.035135126817002496
262,1926,3,JACQUELINE,9756.0,0.030026129750059246
263,1926,4,DENISE,8431.0,0.02594816522373406
264,1926,5,JEANNINE,7804.0,0.02401844163278622
265,1926,6,PAULETTE,7629.0,0.023479842544403648
266,1926,7,SUZANNE,7568.0,0.023292102290738866
267,1926,8,MADELEINE,7537.0,0.02319669330936824
268,1926,9,ODETTE,7257.0,0.022334934767956123
269,1926,10,SIMONE,7150.0,0.02200561989677364
270,1927,1,MARIE,29341.0,0.09172100758376212
271,1927,2,JEANNE,10495.0,0.03280774256472457
272,1927,3,JACQUELINE,10210.0,0.03191682244743571
273,1927,4,JEANNINE,8799.0,0.027505986357981082
274,1927,5,DENISE,8440.0,0.026383739613747053
275,1927,6,PAULETTE,7478.0,0.023376493463459772
276,1927,7,YVETTE,7167.0,0.02240429642319018
277,1927,8,ODETTE,7127.0,0.022279255003219818
278,1927,9,MADELEINE,7026.0,0.021963525417794644
279,1927,10,SIMONE,6920.0,0.02163216565487318
280,1928,1,MARIE,28598.0,0.08903459204672463
281,1928,2,JACQUELINE,10543.0,0.032823683612442055
282,1928,3,JEANNE,9916.0,0.030871634895283637
283,1928,4,JEANNINE,9614.0,0.029931413663095693
284,1928,5,DENISE,8180.0,0.02546691946787214
285,1928,6,YVETTE,7505.0,0.023365431614471934
286,1928,7,PAULETTE,7461.0,0.023228445739583624
287,1928,8,ODETTE,7005.0,0.021808773945286596
288,1928,9,SIMONE,6964.0,0.0216811280164134
289,1928,10,SUZANNE,6635.0,0.020656847270089446
290,1929,1,MARIE,26952.0,0.08528871013167347
291,1929,2,JACQUELINE,10593.0,0.03352119718109294
292,1929,3,JEANNINE,9935.0,0.03143897800379103
293,1929,4,JEANNE,8985.0,0.02843273451072596
294,1929,5,DENISE,7935.0,0.025110044334180355
295,1929,6,YVETTE,7491.0,0.023705021059526786
296,1929,7,PAULETTE,7438.0,0.023537304317282102
297,1929,8,SIMONE,7027.0,0.022236708448177107
298,1929,9,ODETTE,6811.0,0.021553183611859157
299,1929,10,GINETTE,6537.0,0.020686119699122492
300,1930,1,MARIE,27844.0,0.08426519143063799
301,1930,2,JACQUELINE,11449.0,0.03464847639309633
302,1930,3,JEANNINE,10982.0,0.0332351792950462
303,1930,4,JEANNE,8942.0,0.027061461778938544
304,1930,5,DENISE,8283.0,0.025067108914666514
305,1930,6,YVETTE,8030.0,0.024301446889384536
306,1930,7,PAULETTE,7412.0,0.022431173641857805
307,1930,8,MONIQUE,7321.0,0.02215577741932555
308,1930,9,SIMONE,6933.0,0.0209815605584188
309,1930,10,GINETTE,6822.0,0.020645637693571767
310,1931,1,MARIE,27444.0,0.08402630644311905
311,1931,2,JACQUELINE,11621.0,0.035580444074314474
312,1931,3,JEANNINE,10846.0,0.03320759800619696
313,1931,4,JEANNE,8464.0,0.025914540800705425
314,1931,5,DENISE,8113.0,0.024839871162112843
315,1931,6,MONIQUE,8073.0,0.02471740168762936
316,1931,7,YVETTE,7872.0,0.024101992578349846
317,1931,8,PAULETTE,7090.0,0.021707714352197715
318,1931,9,SIMONE,6794.0,0.020801440241019927
319,1931,10,ODETTE,6295.0,0.01927363354683845
320,1932,1,MARIE,26713.0,0.08273685449426545
321,1932,2,JACQUELINE,11639.0,0.03604889939200971
322,1932,3,JEANNINE,10539.0,0.03264192376427445
323,1932,4,MONIQUE,9459.0,0.02929689314795256
324,1932,5,YVETTE,7988.0,0.02474083755849932
325,1932,6,JEANNE,7745.0,0.023988205669826894
326,1932,7,DENISE,7238.0,0.022417899630498006
327,1932,8,PAULETTE,7097.0,0.02198118730003376
328,1932,9,SIMONE,6501.0,0.020135225959915383
329,1932,10,GINETTE,6131.0,0.018989243248768068
330,1933,1,MARIE,25071.0,0.0819351212146961
331,1933,2,JACQUELINE,11195.0,0.03658664121887929
332,1933,3,MONIQUE,10068.0,0.03290346617165491
333,1933,4,JEANNINE,9895.0,0.03233808082722739
334,1933,5,DENISE,7267.0,0.02374945258933415
335,1933,6,YVETTE,7184.0,0.02347819834894407
336,1933,7,JEANNE,6890.0,0.0225173700757551
337,1933,8,PAULETTE,6127.0,0.02002379193819325
338,1933,9,SIMONE,6041.0,0.019742733327668585
339,1933,10,GINETTE,5819.0,0.01901720993770957
340,1934,1,MARIE,24887.0,0.08090097294415567
341,1934,2,JACQUELINE,11766.0,0.038248115387991145
342,1934,3,MONIQUE,11572.0,0.03761747333586891
343,1934,4,JEANNINE,9637.0,0.03132730647578367
344,1934,5,DENISE,6999.0,0.02275187485981217
345,1934,6,YVETTE,6949.0,0.02258933824844046
346,1934,7,JEANNE,6519.0,0.021191523390643743
347,1934,8,PAULETTE,6147.0,0.01998225100203821
348,1934,9,COLETTE,6000.0,0.01950439336460538
349,1934,10,SIMONE,5563.0,0.01808382338121662
350,1935,1,MARIE,23644.0,0.08051817141611725
351,1935,2,MONIQUE,11837.0,0.040310167275104884
352,1935,3,JACQUELINE,10812.0,0.03681959352694383
353,1935,4,JEANNINE,8724.0,0.029709039394104506
354,1935,5,DENISE,6563.0,0.02234988830164006
355,1935,6,YVETTE,6462.0,0.02200593908352858
356,1935,7,NICOLE,5829.0,0.01985029695417643
357,1935,8,JEANNE,5781.0,0.0196868359396284
358,1935,9,PAULETTE,5619.0,0.019135155015528798
359,1935,10,CHRISTIANE,5335.0,0.01816801067945295
360,1936,1,MARIE,23235.0,0.08000289229307192
361,1936,2,MONIQUE,12489.0,0.04300220020865828
362,1936,3,JACQUELINE,10371.0,0.035709489820161346
363,1936,4,JEANNINE,8209.0,0.028265278365992144
364,1936,5,NICOLE,7182.0,0.02472910576495987
365,1936,6,COLETTE,6409.0,0.022067507497581147
366,1936,7,YVETTE,6234.0,0.02146494644093008
367,1936,8,DENISE,6201.0,0.021351320641675876
368,1936,9,CHRISTIANE,5650.0,0.01945411411473451
369,1936,10,JEANNE,5264.0,0.018125036584064155
370,1937,1,MARIE,22816.0,0.07990250325689552
371,1937,2,MONIQUE,13229.0,0.046328463165562356
372,1937,3,JACQUELINE,9958.0,0.0348732962584224
373,1937,4,NICOLE,7889.0,0.027627579251124156
374,1937,5,JEANNINE,7513.0,0.026310812893103785
375,1937,6,COLETTE,6640.0,0.023253533556529902
376,1937,7,YVETTE,6104.0,0.02137644108871363
377,1937,8,CHRISTIANE,5797.0,0.020301315365542746
378,1937,9,DENISE,5533.0,0.019376777284379507
379,1937,10,JOSETTE,5256.0,0.018406712706795354
380,1938,1,MARIE,23307.0,0.08244428723027945
381,1938,2,MONIQUE,14071.0,0.04977361160240538
382,1938,3,JACQUELINE,10233.0,0.036197382384152814
383,1938,4,NICOLE,8463.0,0.029936328263176513
384,1938,5,JEANNINE,7059.0,0.024969932790944463
385,1938,6,CHRISTIANE,6125.0,0.02166607711354793
386,1938,7,YVETTE,5773.0,0.020420940926777504
387,1938,8,DENISE,5394.0,0.019080297134771843
388,1938,9,FRANÇOISE,5327.0,0.01884329678103997
389,1938,10,JOSETTE,5284.0,0.018691192076406085
390,1939,1,MARIE,23763.0,0.08374950218334455
391,1939,2,MONIQUE,14041.0,0.04948561882575184
392,1939,3,JACQUELINE,9599.0,0.03383038637621194
393,1939,4,NICOLE,9229.0,0.032526371066367334
394,1939,5,JEANNINE,6340.0,0.02234447855247252
395,1939,6,CHRISTIANE,6193.0,0.02182639679423696
396,1939,7,FRANÇOISE,5944.0,0.020948829734368558
397,1939,8,COLETTE,5797.0,0.020430747976132996
398,1939,9,YVETTE,5385.0,0.01897870930679251
399,1939,10,JOSETTE,5151.0,0.01815400773245835
400,1940,1,MARIE,22477.0,0.08755487517480202
401,1940,2,MONIQUE,12513.0,0.04874200974606476
402,1940,3,NICOLE,8439.0,0.03287251820083437
403,1940,4,JACQUELINE,8335.0,0.032467405996439686
404,1940,5,FRANÇOISE,5987.0,0.023321218920298068
405,1940,6,CHRISTIANE,5859.0,0.02282261928411999
406,1940,7,JEANNINE,5200.0,0.02025561021973442
407,1940,8,COLETTE,4814.0,0.0187520206918849
408,1940,9,JOSETTE,4617.0,0.017984644689329577
409,1940,10,YVETTE,4238.0,0.01650832232908355
410,1941,1,MARIE,20625.0,0.0852857745395602
411,1941,2,MONIQUE,11860.0,0.0490419047776574
412,1941,3,NICOLE,8657.0,0.035797282433404735
413,1941,4,JACQUELINE,7978.0,0.032989571358866
414,1941,5,FRANÇOISE,6273.0,0.02593928066359569
415,1941,6,CHRISTIANE,6246.0,0.025827633831471176
416,1941,7,JEANNINE,4442.0,0.018367971418410976
417,1941,8,DANIELLE,4372.0,0.01807851666845853
418,1941,9,COLETTE,4332.0,0.017913113954199988
419,1941,10,MICHÈLE,4325.0,0.017884168479204744
420,1942,1,MARIE,22695.0,0.08571201969922426
421,1942,2,MONIQUE,12534.0,0.04733705463362313
422,1942,3,NICOLE,10188.0,0.03847693574336624
423,1942,4,JACQUELINE,8595.0,0.032460665755225056
424,1942,5,FRANÇOISE,7878.0,0.029752777756796158
425,1942,6,CHRISTIANE,7324.0,0.027660490516726966
426,1942,7,DANIELLE,6136.0,0.023173780695062353
427,1942,8,MICHÈLE,5303.0,0.020027796451420415
428,1942,9,COLETTE,4694.0,0.01772779116405194
429,1942,10,JOSETTE,4683.0,0.01768624755459208
430,1943,1,MARIE,24508.0,0.0858607268102817
431,1943,2,MONIQUE,13232.0,0.0463566646463868
432,1943,3,NICOLE,11060.0,0.038747333055398875
433,1943,4,FRANÇOISE,9107.0,0.03190524069941388
434,1943,5,JACQUELINE,8851.0,0.03100837657082599
435,1943,6,CHRISTIANE,8006.0,0.02804802427138548
436,1943,7,DANIELLE,7654.0,0.026814836094577126
437,1943,8,MICHÈLE,6269.0,0.021962661023896525
438,1943,9,ANNIE,5305.0,0.018585407039682734
439,1943,10,JOSETTE,4933.0,0.01728215135282845
440,1944,1,MARIE,25459.0,0.08789361209982842
441,1944,2,MONIQUE,12877.0,0.044456029027435895
442,1944,3,NICOLE,11061.0,0.03818654477537225
443,1944,4,FRANÇOISE,9459.0,0.03265586538561126
444,1944,5,JACQUELINE,8762.0,0.03024957104437317
445,1944,6,CHRISTIANE,8063.0,0.02783637198479581
446,1944,7,DANIELLE,8052.0,0.027798396033929786
447,1944,8,MICHÈLE,6433.0,0.022209026538284937
448,1944,9,ANNIE,6081.0,0.02099379611057216
449,1944,10,JOSETTE,4695.0,0.016208826301453098
450,1945,1,MARIE,25503.0,0.08695548402935
451,1945,2,MONIQUE,11782.0,0.040172117509069585
452,1945,3,NICOLE,11038.0,0.03763536182864625
453,1945,4,FRANÇOISE,9762.0,0.033284689452006216
454,1945,5,DANIELLE,8600.0,0.029322713510269768
455,1945,6,JACQUELINE,8577.0,0.029244292299719046
456,1945,7,CHRISTIANE,7983.0,0.027218979296800415
457,1945,8,ANNIE,6896.0,0.023512724693816316
458,1945,9,MICHÈLE,6490.0,0.022128419846703582
459,1945,10,JOSETTE,4723.0,0.016103625105698155
460,1946,1,MARIE,31443.0,0.07455930266196842
461,1946,2,MONIQUE,16891.0,0.040052831513001576
462,1946,3,NICOLE,15556.0,0.03688720898799672
463,1946,4,FRANÇOISE,14352.0,0.03403222058342305
464,1946,5,JACQUELINE,12455.0,0.02953395396924011
465,1946,6,DANIELLE,12025.0,0.02851431525332094
466,1946,7,CHRISTIANE,11028.0,0.0261501761840851
467,1946,8,ANNIE,10637.0,0.025223016328446972
468,1946,9,MICHÈLE,9813.0,0.023269103998406516
469,1946,10,CHANTAL,7388.0,0.01751881589118795
470,1947,1,MARIE,33126.0,0.07623268851055603
471,1947,2,MONIQUE,16702.0,0.03843622421974603
472,1947,3,NICOLE,15835.0,0.03644100170756067
473,1947,4,FRANÇOISE,14743.0,0.03392798788598465
474,1947,5,DANIELLE,12326.0,0.02836575857577473
475,1947,6,CHRISTIANE,11868.0,0.02731176559932618
476,1947,7,JACQUELINE,11817.0,0.02719439956919763
477,1947,8,ANNIE,11487.0,0.02643497231542466
478,1947,9,MICHÈLE,10406.0,0.02394727273564107
479,1947,10,CHANTAL,9052.0,0.02083131970046348
480,1948,1,MARIE,31264.0,0.07202441974313195
481,1948,2,MONIQUE,15994.0,0.036846167137015495
482,1948,3,FRANÇOISE,15235.0,0.035097621378793985
483,1948,4,NICOLE,14761.0,0.03400564418591257
484,1948,5,CHRISTIANE,11444.0,0.02636410758509474
485,1948,6,ANNIE,11149.0,0.025684501526233947
486,1948,7,DANIELLE,10975.0,0.025283649138973678
487,1948,8,JACQUELINE,10783.0,0.024841329263376146
488,1948,9,CHANTAL,9907.0,0.022823244830962392
489,1948,10,MICHÈLE,9749.0,0.022459252433335252
490,1949,1,MARIE,30543.0,0.06997074529622392
491,1949,2,FRANÇOISE,15255.0,0.034947572913397375
492,1949,3,MONIQUE,15218.0,0.03486280987191617
493,1949,4,MARTINE,13971.0,0.03200606628469844
494,1949,5,NICOLE,13546.0,0.031032436754171142
495,1949,6,CHANTAL,11481.0,0.026301742682314992
496,1949,7,CHRISTIANE,10771.0,0.02467520864308116
497,1949,8,ANNIE,10583.0,0.024244520756636145
498,1949,9,JACQUELINE,9823.0,0.02250344206675204
499,1949,10,DANIELLE,9338.0,0.02139235895544442
500,1950,1,MARIE,28322.0,0.06554501272853507
501,1950,2,MARTINE,16289.0,0.03769729229345059
502,1950,3,FRANÇOISE,14733.0,0.03409627401064568
503,1950,4,MONIQUE,14649.0,0.033901874566072666
504,1950,5,NICOLE,12694.0,0.02937745892154594
505,1950,6,CHANTAL,11723.0,0.02713029391344596
506,1950,7,ANNIE,10406.0,0.024082388336033326
507,1950,8,CHRISTIANE,9770.0,0.02261050682712335
508,1950,9,JACQUELINE,8808.0,0.020384170330941913
509,1950,10,MICHÈLE,8312.0,0.019236287896320297
510,1951,1,MARIE,25312.0,0.061022914933883
511,1951,2,MARTINE,19008.0,0.04582504610711315
512,1951,3,FRANÇOISE,13652.0,0.03291264359502887
513,1951,4,MONIQUE,12798.0,0.030853795248255163
514,1951,5,NICOLE,11537.0,0.027813739317012018
515,1951,6,CHANTAL,11514.0,0.02775829023975699
516,1951,7,ANNIE,9581.0,0.02309815692088863
517,1951,8,CHRISTIANE,9016.0,0.0217360382839716
518,1951,9,DOMINIQUE,7987.0,0.019255294784170495
519,1951,10,JACQUELINE,7543.0,0.018184886510203835
520,1952,1,MARIE,25899.0,0.06259955284307209
521,1952,2,MARTINE,20604.0,0.04980119644691522
522,1952,3,FRANÇOISE,12964.0,0.03133482385642637
523,1952,4,CHANTAL,12308.0,0.02974922956069853
524,1952,5,MONIQUE,11366.0,0.027472354825064958
525,1952,6,DOMINIQUE,10141.0,0.024511450842951237
526,1952,7,NICOLE,10139.0,0.024506616714000846
527,1952,8,ANNIE,9242.0,0.022338509879751042
528,1952,9,CHRISTIANE,7872.0,0.01902713154873406
529,1952,10,CATHERINE,7400.0,0.01788627711644208
530,1953,1,MARIE,22786.0,0.056179332041401006
531,1953,2,MARTINE,22389.0,0.055200520717762096
532,1953,3,CHANTAL,12896.0,0.03179534214016973
533,1953,4,FRANÇOISE,12454.0,0.030705582429720362
534,1953,5,MONIQUE,10271.0,0.025323352909559806
535,1953,6,DOMINIQUE,9670.0,0.023841575565713497
536,1953,7,ANNIE,8883.0,0.02190121155638397
537,1953,8,NICOLE,8858.0,0.021839573563711495
538,1953,9,CATHERINE,8787.0,0.021664521664521666
539,1953,10,EVELYNE,7747.0,0.019100381169346686
540,1954,1,MARIE,23701.0,0.05804914130083372
541,1954,2,MARTINE,22824.0,0.05590116877136951
542,1954,3,CHANTAL,13193.0,0.03231265858748151
543,1954,4,FRANÇOISE,12188.0,0.0298511849362711
544,1954,5,CATHERINE,9964.0,0.024404102945930855
545,1954,6,DOMINIQUE,9899.0,0.02424490315754411
546,1954,7,MONIQUE,9577.0,0.02345625189815132
547,1954,8,BRIGITTE,8656.0,0.02120051335808686
548,1954,9,ANNIE,8333.0,0.020409412871180428
549,1954,10,NICOLE,7973.0,0.01952769096626924
550,1955,1,MARTINE,20846.0,0.051078489746812804
551,1955,2,MARIE,20260.0,0.049642626991769516
552,1955,3,FRANÇOISE,12859.0,0.031508121445565855
553,1955,4,CHANTAL,12541.0,0.03072893312456967
554,1955,5,CATHERINE,12496.0,0.030618670626315493
555,1955,6,DOMINIQUE,10332.0,0.025316269599159065
556,1955,7,BRIGITTE,10149.0,0.024867868772925412
557,1955,8,MONIQUE,8764.0,0.021474234104435736
558,1955,9,ANNIE,8327.0,0.020403462732500727
559,1955,10,CHRISTINE,7963.0,0.019511561635511387
560,1956,1,MARIE,19870.0,0.04875547180181772
561,1956,2,MARTINE,19424.0,0.04766111143827415
562,1956,3,CATHERINE,14073.0,0.034531240798539545
563,1956,4,FRANÇOISE,12708.0,0.031181909192627054
564,1956,5,BRIGITTE,12360.0,0.030328013662328485
565,1956,6,CHANTAL,11720.0,0.028757631077871347
566,1956,7,DOMINIQUE,10274.0,0.0252095479261135
567,1956,8,PATRICIA,9175.0,0.022512906581866006
568,1956,9,CHRISTINE,9056.0,0.022220913570068508
569,1956,10,SYLVIE,8472.0,0.020787939461751368
570,1957,1,MARIE,18495.0,0.04481821904828833
571,1957,2,MARTINE,17832.0,0.0432115967596149
572,1957,3,BRIGITTE,15477.0,0.037504816231973964
573,1957,4,CATHERINE,15434.0,0.03740061599304039
574,1957,5,FRANÇOISE,12488.0,0.030261687995405497
575,1957,6,SYLVIE,11034.0,0.026738265962628464
576,1957,7,CHRISTINE,10590.0,0.025662337914105077
577,1957,8,CHANTAL,10303.0,0.024966861900757753
578,1957,9,PATRICIA,10046.0,0.024344083728526877
579,1957,10,DOMINIQUE,9679.0,0.0234547468055357
580,1958,1,MARIE,18295.0,0.04449270533644949
581,1958,2,BRIGITTE,17154.0,0.04171783915503987
582,1958,3,MARTINE,17082.0,0.04154273804630938
583,1958,4,CATHERINE,16422.0,0.0399376445496132
584,1958,5,SYLVIE,13226.0,0.03216510088985411
585,1958,6,CHRISTINE,11383.0,0.02768299889832219
586,1958,7,FRANÇOISE,11217.0,0.027279293564304665
587,1958,8,PATRICIA,9782.0,0.02378943118891221
588,1958,9,CHANTAL,9446.0,0.022972292681503245
589,1958,10,DOMINIQUE,8829.0,0.02147177345807666
590,1959,1,BRIGITTE,18166.0,0.04336771843211589
591,1959,2,MARIE,16813.0,0.04013769954856129
592,1959,3,CATHERINE,16806.0,0.040120988438299
593,1959,4,SYLVIE,15451.0,0.03688619495181232
594,1959,5,MARTINE,15198.0,0.03628220768090374
595,1959,6,CHRISTINE,13944.0,0.03328853164248728
596,1959,7,PATRICIA,11432.0,0.027291630359790205
597,1959,8,FRANÇOISE,11097.0,0.02649188436866619
598,1959,9,CHANTAL,9013.0,0.021516748113435017
599,1959,10,VÉRONIQUE,8548.0,0.020406652931725566
600,1960,1,CATHERINE,18049.0,0.043516522728697424
601,1960,2,SYLVIE,17656.0,0.04256899137336593
602,1960,3,CHRISTINE,15152.0,0.036531794137360706
603,1960,4,MARIE,15138.0,0.03649803983971531
604,1960,5,BRIGITTE,14615.0,0.0352370757205337
605,1960,6,MARTINE,13580.0,0.03274166871603474
606,1960,7,PATRICIA,11495.0,0.027714689388131025
607,1960,8,FRANÇOISE,10228.0,0.024659925451222628
608,1960,9,VÉRONIQUE,10215.0,0.024628582174837616
609,1960,10,ISABELLE,9922.0,0.023922152945544672
610,1961,1,SYLVIE,19195.0,0.04521449502039893
611,1961,2,CATHERINE,19013.0,0.04478578764380541
612,1961,3,CHRISTINE,15585.0,0.03671101353961539
613,1961,4,MARIE,14363.0,0.033832549725344614
614,1961,5,ISABELLE,13496.0,0.031790300848934826
615,1961,6,VÉRONIQUE,13362.0,0.03147465915408026
616,1961,7,MARTINE,12160.0,0.028643306040534045
617,1961,8,PATRICIA,11827.0,0.02785891287347008
618,1961,9,BRIGITTE,11160.0,0.026287771004305918
619,1961,10,FRANÇOISE,9644.0,0.022716779889384076
620,1962,1,SYLVIE,20828.0,0.04934141950156354
621,1962,2,CATHERINE,19719.0,0.04671420449161376
622,1962,3,ISABELLE,15825.0,0.03748933952430589
623,1962,4,CHRISTINE,14767.0,0.03498294323888942
624,1962,5,VÉRONIQUE,14668.0,0.03474841277361888
625,1962,6,MARIE,12922.0,0.030612148204302095
626,1962,7,MARTINE,10935.0,0.025904955936700464
627,1962,8,PATRICIA,10861.0,0.025729650336397233
628,1962,9,CORINNE,9608.0,0.022761300104235764
629,1962,10,FRANÇOISE,8793.0,0.020830569506301525
630,1963,1,SYLVIE,25673.0,0.05829393786642326
631,1963,2,CATHERINE,19907.0,0.04520147318610555
632,1963,3,ISABELLE,17555.0,0.03986094649028397
633,1963,4,VÉRONIQUE,16208.0,0.0368024050535188
634,1963,5,CHRISTINE,16119.0,0.03660031879674664
635,1963,6,CORINNE,12541.0,0.028475997148086084
636,1963,7,NATHALIE,12538.0,0.028469185251790395
637,1963,8,MARIE,12002.0,0.027252126446960304
638,1963,9,PATRICIA,11458.0,0.026016902585341707
639,1963,10,MARTINE,9080.0,0.02061733945495747
640,1964,1,SYLVIE,27551.0,0.0620429984033797
641,1964,2,NATHALIE,22196.0,0.049983898681043006
642,1964,3,ISABELLE,21526.0,0.048475103757800134
643,1964,4,CATHERINE,18599.0,0.041883696682677905
644,1964,5,CHRISTINE,16046.0,0.03613451244530618
645,1964,6,VÉRONIQUE,14985.0,0.03374521182805142
646,1964,7,VALÉRIE,12963.0,0.02919180386566771
647,1964,8,CORINNE,11801.0,0.02657505804356589
648,1964,9,PATRICIA,11552.0,0.026014326795972643
649,1964,10,MARIE,11423.0,0.02572382747493036
650,1965,1,NATHALIE,30301.0,0.0691238667938078
651,1965,2,SYLVIE,24640.0,0.05620976462161065
652,1965,3,ISABELLE,23979.0,0.054701864685941626
653,1965,4,CATHERINE,16458.0,0.03754465528175601
654,1965,5,VALÉRIE,16308.0,0.03720246921466017
655,1965,6,CHRISTINE,14907.0,0.03400645134798498
656,1965,7,VÉRONIQUE,14672.0,0.033470359842868155
657,1965,8,LAURENCE,11564.0,0.02638026453264227
658,1965,9,CORINNE,11189.0,0.02552479936490266
659,1965,10,MARIE,9800.0,0.022356156383595144
660,1966,1,NATHALIE,31418.0,0.07186316309539058
661,1966,2,ISABELLE,23232.0,0.05313912422917162
662,1966,3,SYLVIE,20318.0,0.04647386045490311
663,1966,4,VALÉRIE,20268.0,0.04635949422679281
664,1966,5,CATHERINE,15118.0,0.0345797727314315
665,1966,6,VÉRONIQUE,14370.0,0.03286885395890135
666,1966,7,CHRISTINE,13014.0,0.02976724185254991
667,1966,8,LAURENCE,11786.0,0.026958407290160843
668,1966,9,CORINNE,11613.0,0.026562700140899193
669,1966,10,MARIE,9648.0,0.02206810737616425
670,1967,1,NATHALIE,29249.0,0.06880223561984113
671,1967,2,VALÉRIE,22467.0,0.0528489803983374
672,1967,3,ISABELLE,21633.0,0.05088716753270276
673,1967,4,SYLVIE,17317.0,0.04073466833836332
674,1967,5,VÉRONIQUE,13045.0,0.030685670062594532
675,1967,6,CATHERINE,12804.0,0.030118767304059824
676,1967,7,CORINNE,12394.0,0.029154326926469656
677,1967,8,LAURENCE,11478.0,0.026999625985316984
678,1967,9,CHRISTINE,11466.0,0.02697139846207044
679,1967,10,SANDRINE,9501.0,0.022349141530449264
680,1968,1,NATHALIE,28588.0,0.06756204255359376
681,1968,2,VALÉRIE,21770.0,0.05144905787014607
682,1968,3,ISABELLE,20480.0,0.04840039987049112
683,1968,4,SYLVIE,17150.0,0.04053060828998646
684,1968,5,SANDRINE,13090.0,0.03093560714378558
685,1968,6,CATHERINE,12213.0,0.028862992364175197
686,1968,7,VÉRONIQUE,11845.0,0.02799329767900231
687,1968,8,LAURENCE,11133.0,0.026310627527254767
688,1968,9,CORINNE,11032.0,0.026071934148987206
689,1968,10,CHRISTINE,10824.0,0.025580367587802532
690,1969,1,NATHALIE,28367.0,0.06680388384267752
691,1969,2,VALÉRIE,22562.0,0.05313319093518844
692,1969,3,ISABELLE,18847.0,0.04438441847156708
693,1969,4,SANDRINE,15217.0,0.035835819805902065
694,1969,5,SYLVIE,14473.0,0.03408371032731949
695,1969,6,LAURENCE,11235.0,0.026458266118111962
696,1969,7,CATHERINE,11190.0,0.026352291754488014
697,1969,8,VÉRONIQUE,10896.0,0.025659925912144898
698,1969,9,CHRISTINE,9796.0,0.023069441468003986
699,1969,10,CORINNE,9546.0,0.022480695003426504
700,1970,1,NATHALIE,26217.0,0.06144057369845678
701,1970,2,VALÉRIE,19390.0,0.04544122988950212
702,1970,3,SANDRINE,18056.0,0.04231494826636669
703,1970,4,ISABELLE,16541.0,0.03876448600321065
704,1970,5,SYLVIE,12391.0,0.029038797295555478
705,1970,6,SOPHIE,11106.0,0.026027349105353814
706,1970,7,LAURENCE,10564.0,0.024757150724739573
707,1970,8,CHRISTELLE,10065.0,0.023587724540373327
708,1970,9,CATHERINE,9997.0,0.023428363857934637
709,1970,10,VÉRONIQUE,9747.0,0.0228424789960277
710,1971,1,NATHALIE,22679.0,0.05121817919022927
711,1971,2,SANDRINE,20853.0,0.047094346781332994
712,1971,3,ISABELLE,17482.0,0.039481291441579795
713,1971,4,VALÉRIE,16843.0,0.038038175938138
714,1971,5,CHRISTELLE,12059.0,0.027234006034436032
715,1971,6,SOPHIE,11207.0,0.02530985202984697
716,1971,7,SYLVIE,10606.0,0.02395255560172722
717,1971,8,LAURENCE,10191.0,0.023015320963341704
718,1971,9,KARINE,10166.0,0.022958861045366673
719,1971,10,STÉPHANIE,8866.0,0.020022945310665053
720,1972,1,SANDRINE,19891.0,0.04523869089585845
721,1972,2,NATHALIE,19200.0,0.04366712911369374
722,1972,3,ISABELLE,16502.0,0.037530987741363236
723,1972,4,VALÉRIE,14567.0,0.03313015988537379
724,1972,5,CHRISTELLE,13144.0,0.029893788805749506
725,1972,6,KARINE,11677.0,0.026557347221906343
726,1972,7,STÉPHANIE,10493.0,0.023864540926561897
727,1972,8,SOPHIE,10375.0,0.023596170028883985
728,1972,9,SYLVIE,9495.0,0.021594759944506357
729,1972,10,CÉLINE,8283.0,0.018838272419204438
730,1973,1,SANDRINE,17611.0,0.04102326383146243
731,1973,2,NATHALIE,16923.0,0.0394206288013082
732,1973,3,ISABELLE,14487.0,0.03374618267709932
733,1973,4,STÉPHANIE,13729.0,0.03198048885027242
734,1973,5,CHRISTELLE,12869.0,0.029977195062579638
735,1973,6,VALÉRIE,12356.0,0.028782207024107078
736,1973,7,KARINE,11401.0,0.026557619155215668
737,1973,8,SOPHIE,10068.0,0.023452513784291848
738,1973,9,CÉLINE,9318.0,0.021705455248513254
739,1973,10,SANDRA,7926.0,0.01846291460610818
740,1974,1,STÉPHANIE,23531.0,0.058652714909569484
741,1974,2,SANDRINE,15710.0,0.03915830824144051
742,1974,3,NATHALIE,13946.0,0.0347614109952342
743,1974,4,ISABELLE,10800.0,0.02691977905840595
744,1974,5,VIRGINIE,10543.0,0.02627918801970129
745,1974,6,CHRISTELLE,10502.0,0.02617699256216475
746,1974,7,CÉLINE,9596.0,0.023918722207820695
747,1974,8,KARINE,9477.0,0.02362210612375122
748,1974,9,VALÉRIE,8830.0,0.022009411952381902
749,1974,10,SOPHIE,8361.0,0.020840395621049272
750,1975,1,STÉPHANIE,19599.0,0.05243136090400559
751,1975,2,SANDRINE,13939.0,0.037289695374301435
752,1975,3,NATHALIE,10954.0,0.02930420569123308
753,1975,4,CÉLINE,10156.0,0.027169391363900237
754,1975,5,VIRGINIE,10155.0,0.02716671615797626
755,1975,6,KARINE,8841.0,0.0236514955738718
756,1975,7,CHRISTELLE,8613.0,0.02304154862320527
757,1975,8,ISABELLE,8574.0,0.022937215592170206
758,1975,9,SEVERINE,7348.0,0.019657413129375634
759,1975,10,SOPHIE,7186.0,0.019224029769691522
760,1976,1,STÉPHANIE,16700.0,0.04635566732730432
761,1976,2,SANDRINE,12084.0,0.03354262778342188
762,1976,3,CÉLINE,10624.0,0.029489976627861143
763,1976,4,NATHALIE,9340.0,0.025925864241737866
764,1976,5,VIRGINIE,9202.0,0.025542805433883493
765,1976,6,CHRISTELLE,8260.0,0.022928012702008005
766,1976,7,SOPHIE,7617.0,0.021143180720483653
767,1976,8,KARINE,7336.0,0.020363184162461346
768,1976,9,ISABELLE,7176.0,0.019919058008427293
769,1976,10,DELPHINE,6900.0,0.019152940392718552
770,1977,1,STÉPHANIE,15053.0,0.040617588092918835
771,1977,2,CÉLINE,12018.0,0.03242823182758909
772,1977,3,SANDRINE,11061.0,0.029845953756445578
773,1977,4,VIRGINIE,9646.0,0.026027851906217706
774,1977,5,NATHALIE,8046.0,0.021710563595005977
775,1977,6,DELPHINE,7496.0,0.020226495738026946
776,1977,7,SOPHIE,7386.0,0.01992968216663114
777,1977,8,CHRISTELLE,7324.0,0.019762387244571685
778,1977,9,LAETITIA,6777.0,0.018286414303176176
779,1977,10,SEVERINE,6548.0,0.017668502413633998
780,1978,1,CÉLINE,12134.0,0.033133179873245246
781,1978,2,STÉPHANIE,12080.0,0.032985727119565066
782,1978,3,VIRGINIE,9479.0,0.025883419483969973
783,1978,4,SANDRINE,9192.0,0.025099735404225342
784,1978,5,LAETITIA,7637.0,0.020853642219546227
785,1978,6,DELPHINE,7117.0,0.019433726813737135
786,1978,7,CHRISTELLE,6569.0,0.017937354424538324
787,1978,8,SOPHIE,6557.0,0.01790458714594273
788,1978,9,NATHALIE,6540.0,0.017858166834598968
789,1978,10,CAROLINE,6254.0,0.01707721336140397
790,1979,1,CÉLINE,13703.0,0.036363974110272826
791,1979,2,STÉPHANIE,10601.0,0.028132123589214207
792,1979,3,VIRGINIE,8829.0,0.023429725419221982
793,1979,4,AURÉLIE,8794.0,0.02333684509419392
794,1979,5,SANDRINE,8038.0,0.021330630073587754
795,1979,6,LAETITIA,7785.0,0.02065923800981347
796,1979,7,DELPHINE,6863.0,0.018212504876217065
797,1979,8,SABRINA,6838.0,0.018146161786911304
798,1979,9,MARIE,6607.0,0.01753315164172609
799,1979,10,SOPHIE,6468.0,0.017164284065186067
800,1980,1,CÉLINE,12854.0,0.03229802427754089
801,1980,2,EMILIE,11607.0,0.029164708868011285
802,1980,3,AURÉLIE,11197.0,0.028134508933843574
803,1980,4,VIRGINIE,9957.0,0.025018782303677815
804,1980,5,STÉPHANIE,9321.0,0.02342071606433473
805,1980,6,LAETITIA,7451.0,0.01872199929142346
806,1980,7,MARIE,7408.0,0.018613953932474163
807,1980,8,SABRINA,7227.0,0.018159158351780613
808,1980,9,AUDREY,7169.0,0.018013422751337375
809,1980,10,SANDRINE,7148.0,0.01796065641324586
810,1981,1,CÉLINE,12506.0,0.03127477336667708
811,1981,2,AURÉLIE,12364.0,0.030919662394498282
812,1981,3,EMILIE,10821.0,0.027060956548921537
813,1981,4,VIRGINIE,8893.0,0.022239449828071273
814,1981,5,STÉPHANIE,8523.0,0.021314160675211004
815,1981,6,LAETITIA,8040.0,0.02010628321350422
816,1981,7,MARIE,7425.0,0.0185683025945608
817,1981,8,SABRINA,7356.0,0.018395748671459832
818,1981,9,AUDREY,7280.0,0.018205689277899343
819,1981,10,ELODIE,6926.0,0.017320412628946544
820,1982,1,AURÉLIE,13682.0,0.034537422693424205
821,1982,2,CÉLINE,11216.0,0.0283125078884261
822,1982,3,EMILIE,10378.0,0.0261971475451218
823,1982,4,LAETITIA,8450.0,0.021330304177710462
824,1982,5,STÉPHANIE,8038.0,0.020290294080525052
825,1982,6,ELODIE,8034.0,0.020280196895115486
826,1982,7,VIRGINIE,7902.0,0.019946989776599772
827,1982,8,AUDREY,7493.0,0.01891455256847154
828,1982,9,MARIE,7223.0,0.01823299255332576
829,1982,10,JULIE,7192.0,0.018154739366401617
830,1983,1,AURÉLIE,13929.0,0.03731135385917636
831,1983,2,EMILIE,10352.0,0.027729710327388447
832,1983,3,CÉLINE,9221.0,0.02470012161213764
833,1983,4,JULIE,8321.0,0.022289308310877054
834,1983,5,ELODIE,8134.0,0.02178839488050402
835,1983,6,STÉPHANIE,7999.0,0.021426772885314933
836,1983,7,AUDREY,7389.0,0.01979277720334942
837,1983,8,MARIE,7236.0,0.019382938942135122
838,1983,9,LAETITIA,6920.0,0.018536475605248074
839,1983,10,VIRGINIE,6585.0,0.017639117320889967
840,1984,1,AURÉLIE,12893.0,0.03395995817233105
841,1984,2,EMILIE,9737.0,0.025647104066081394
842,1984,3,CÉLINE,8997.0,0.0236979557648695
843,1984,4,ELODIE,8859.0,0.02333446594653539
844,1984,5,JULIE,8453.0,0.022265068365059672
845,1984,6,AUDREY,8289.0,0.021833094957764063
846,1984,7,MARIE,7562.0,0.019918188451032916
847,1984,8,STÉPHANIE,7092.0,0.01868021588134428
848,1984,9,LAETITIA,6861.0,0.01807176553326327
849,1984,10,VIRGINIE,5696.0,0.015003173950949947
850,1985,1,AURÉLIE,12575.0,0.03278402173261274
851,1985,2,EMILIE,11400.0,0.029720703598551508
852,1985,3,JULIE,8738.0,0.022780658600363428
853,1985,4,MARIE,7887.0,0.020562034147524187
854,1985,5,ELODIE,7830.0,0.02041343062953143
855,1985,6,CÉLINE,7620.0,0.019865943984294955
856,1985,7,AUDREY,7595.0,0.019800767002719183
857,1985,8,STÉPHANIE,7075.0,0.01844508578594315
858,1985,9,JENNIFER,6341.0,0.01653148960687852
859,1985,10,MÉLANIE,5780.0,0.01506891814031822
860,1986,1,AURÉLIE,11320.0,0.029187594756546583
861,1986,2,EMILIE,9320.0,0.024030775894965915
862,1986,3,JULIE,8970.0,0.023128332594189296
863,1986,4,ELODIE,8527.0,0.021986097216349178
864,1986,5,STÉPHANIE,8429.0,0.021733413092131726
865,1986,6,MARIE,7967.0,0.020542187935106593
866,1986,7,AUDREY,7406.0,0.019095700244433213
867,1986,8,CÉLINE,6763.0,0.01743778298043503
868,1986,9,JENNIFER,6296.0,0.016233665776255943
869,1986,10,MÉLANIE,5804.0,0.014965088336307098
870,1987,1,JULIE,9939.0,0.025917909669343903
871,1987,2,AURÉLIE,9893.0,0.02579795556482737
872,1987,3,ELODIE,8978.0,0.023411911964118078
873,1987,4,EMILIE,7657.0,0.019967143006154167
874,1987,5,MARIE,7551.0,0.019690727026181288
875,1987,6,AUDREY,6649.0,0.017338583498487534
876,1987,7,STÉPHANIE,6562.0,0.017111713779075832
877,1987,8,CÉLINE,5957.0,0.015534056534890999
878,1987,9,PAULINE,5597.0,0.014595285282152915
879,1987,10,SOPHIE,5501.0,0.01434494628142276
880,1988,1,ELODIE,11852.0,0.030758211186313996
881,1988,2,LAURA,9240.0,0.023979570651496907
882,1988,3,JULIE,8683.0,0.022534048914171823
883,1988,4,AURÉLIE,7888.0,0.020470871569156668
884,1988,5,MARIE,7354.0,0.01908503923929743
885,1988,6,AUDREY,6260.0,0.01624589959722626
886,1988,7,EMILIE,6077.0,0.01577097952912843
887,1988,8,MARION,5810.0,0.015078063364198813
888,1988,9,MARINE,5650.0,0.014662832703566832
889,1988,10,PAULINE,5535.0,0.014364385666237595
890,1989,1,ELODIE,10506.0,0.0273638643840005
891,1989,2,LAURA,8076.0,0.021034701005633736
892,1989,3,JULIE,8014.0,0.020873216178695985
893,1989,4,AURÉLIE,7630.0,0.01987305208927506
894,1989,5,MARION,7116.0,0.018534290782081436
895,1989,6,MARIE,7021.0,0.01828685435370907
896,1989,7,MARINE,5888.0,0.015335849371120782
897,1989,8,MÉLANIE,5784.0,0.015064971596902618
898,1989,9,AUDREY,5772.0,0.015033716469108213
899,1989,10,PAULINE,5729.0,0.014921718927844933
900,1990,1,ELODIE,8637.0,0.02265086150376334
901,1990,2,LAURA,7927.0,0.02078885945818363
902,1990,3,JULIE,7456.0,0.019553644016679344
903,1990,4,MARINE,6933.0,0.018182056594372033
904,1990,5,MARIE,6777.0,0.01777294065196297
905,1990,6,MARION,6453.0,0.016923238310036455
906,1990,7,PAULINE,6070.0,0.015918806220660355
907,1990,8,AURÉLIE,5965.0,0.01564343972096195
908,1990,9,CAMILLE,5499.0,0.014421336969919488
909,1990,10,MÉLANIE,5492.0,0.014402979203272928
910,1991,1,MARINE,8211.0,0.02159703938283652
911,1991,2,ELODIE,7925.0,0.020844785910239853
912,1991,3,LAURA,7287.0,0.0191666820098319
913,1991,4,JULIE,6957.0,0.01829869723375882
914,1991,5,MARIE,6699.0,0.017620090954283504
915,1991,6,MARION,6439.0,0.016936224161013806
916,1991,7,PAULINE,6091.0,0.016020894760791285
917,1991,8,CAMILLE,5700.0,0.014992464313989547
918,1991,9,ANAÏS,5422.0,0.014261252896570408
919,1991,10,MÉLANIE,5101.0,0.01341694043257205
920,1992,1,LAURA,7497.0,0.020164880239923612
921,1992,2,MARINE,7388.0,0.01987170004169076
922,1992,3,MARIE,7300.0,0.01963500410183305
923,1992,4,ELODIE,6374.0,0.017144317280148473
924,1992,5,MARION,6367.0,0.017125489194023426
925,1992,6,JULIE,6219.0,0.016727409658808184
926,1992,7,CAMILLE,6217.0,0.0167220302056296
927,1992,8,PAULINE,5818.0,0.01564882929650201
928,1992,9,ANAÏS,5429.0,0.014602525653267345
929,1992,10,JUSTINE,5402.0,0.014529903035356456
930,1993,1,LAURA,7566.0,0.02124141261289589
931,1993,2,MARINE,6977.0,0.019587805419002725
932,1993,3,MARIE,6830.0,0.019175105491155028
933,1993,4,ANAÏS,6570.0,0.018445160040540046
934,1993,5,CAMILLE,6508.0,0.018271096125393398
935,1993,6,MANON,5955.0,0.016718558301585387
936,1993,7,JULIE,5687.0,0.015966152990951485
937,1993,8,PAULINE,5642.0,0.015839816278345045
938,1993,9,MARION,5603.0,0.015730324460752797
939,1993,10,MÉLANIE,5522.0,0.015502918378061208
940,1994,1,LAURA,7937.0,0.02231606886294048
941,1994,2,MANON,7486.0,0.021048014553102234
942,1994,3,MARIE,7231.0,0.02033104371272806
943,1994,4,CAMILLE,7020.0,0.01973778548794786
944,1994,5,MARINE,6422.0,0.018056418576011563
945,1994,6,ANAÏS,6075.0,0.0170807759030318
946,1994,7,MÉLANIE,5708.0,0.016048900222963874
947,1994,8,PAULINE,5681.0,0.015972985663394845
948,1994,9,MARION,5651.0,0.01588863615276259
949,1994,10,JULIE,5532.0,0.015554049760587973
950,1995,1,MANON,8255.0,0.022627411100725556
951,1995,2,MARIE,7641.0,0.020944403176334826
952,1995,3,LAURA,7586.0,0.020793645137505038
953,1995,4,CAMILLE,7336.0,0.02010838132464236
954,1995,5,MARINE,6641.0,0.018203347924884122
955,1995,6,PAULINE,5909.0,0.016196895480822208
956,1995,7,LÉA,5507.0,0.015094991269739025
957,1995,8,ANAÏS,5479.0,0.015018241722698404
958,1995,9,MARION,5467.0,0.014985349059680996
959,1995,10,JULIE,5266.0,0.014434396954139405
960,1996,1,MANON,7623.0,0.02084575291370192
961,1996,2,MARIE,7433.0,0.020326181478098698
962,1996,3,LAURA,7429.0,0.020315243132086
963,1996,4,CAMILLE,7239.0,0.019795671696482775
964,1996,5,MARINE,6235.0,0.01705014684729522
965,1996,6,LÉA,6159.0,0.016842318273053932
966,1996,7,PAULINE,5967.0,0.01631727766444436
967,1996,8,CHLOÉ,5651.0,0.015453148329441104
968,1996,9,SARAH,5468.0,0.014952718999360107
969,1996,10,JULIE,5345.0,0.0146163648594696
970,1997,1,LÉA,7512.0,0.020716929305409238
971,1997,2,MANON,7395.0,0.020394261476770675
972,1997,3,CAMILLE,7026.0,0.019376616786449054
973,1997,4,MARIE,6800.0,0.01875334388668568
974,1997,5,CHLOÉ,6521.0,0.01798390521839372
975,1997,6,LAURA,5914.0,0.016309893492038104
976,1997,7,MARINE,5611.0,0.015474266551204902
977,1997,8,PAULINE,5460.0,0.01505783200313291
978,1997,9,SARAH,5242.0,0.014456621860883282
979,1997,10,JULIE,5020.0,0.01384438033987678
980,1998,1,LÉA,8153.0,0.022071583073670305
981,1998,2,MANON,7645.0,0.02069633908968594
982,1998,3,CAMILLE,7468.0,0.02021716943384887
983,1998,4,MARIE,6866.0,0.018587451169363462
984,1998,5,CHLOÉ,6130.0,0.016594971696504226
985,1998,6,OCÉANE,6043.0,0.01635944762838092
986,1998,7,LAURA,5552.0,0.015030225588742492
987,1998,8,SARAH,5181.0,0.014025864332722415
988,1998,9,MARINE,5069.0,0.013722660934678619
989,1998,10,PAULINE,5021.0,0.013592716621231276
990,1999,1,LÉA,9664.0,0.025937287803516458
991,1999,2,MANON,7499.0,0.020126626783792415
992,1999,3,CAMILLE,7207.0,0.019342925620855038
993,1999,4,MARIE,6321.0,0.0169649830511204
994,1999,5,CHLOÉ,6151.0,0.016508718675437677
995,1999,6,OCÉANE,5910.0,0.015861896825205116
996,1999,7,EMMA,5568.0,0.014944000257655177
997,1999,8,LAURA,5397.0,0.014485051973880206
998,1999,9,SARAH,5246.0,0.014079781851950262
999,1999,10,JULIE,4992.0,0.013398069196518434
1000,2000,1,LÉA,10686.0,0.02743306035478654
1001,2000,2,MANON,7870.0,0.020203835391369086
1002,2000,3,CAMILLE,7361.0,0.018897132441660462
1003,2000,4,CHLOÉ,7202.0,0.01848894821964932
1004,2000,5,EMMA,6867.0,0.017628937437424587
1005,2000,6,MARIE,6411.0,0.016458295895053012
1006,2000,7,OCÉANE,6283.0,0.01612969476035222
1007,2000,8,SARAH,5489.0,0.014091340846661362
1008,2000,9,LAURA,5236.0,0.013441840166354324
1009,2000,10,MATHILDE,5036.0,0.012928400893384335
1010,2001,1,LÉA,10725.0,0.02768027667372116
1011,2001,2,MANON,7593.0,0.019596861611521188
1012,2001,3,CHLOÉ,7040.0,0.018169617508904144
1013,2001,4,CAMILLE,6588.0,0.017003045475662004
1014,2001,5,EMMA,6394.0,0.01650234862953595
1015,2001,6,OCÉANE,5726.0,0.014778299695452433
1016,2001,7,MARIE,5644.0,0.014566664946058948
1017,2001,8,SARAH,5356.0,0.013823362411603778
1018,2001,9,LAURA,4594.0,0.011856707789191142
1019,2001,10,CLARA,4496.0,0.011603778454550148
1020,2002,1,LÉA,9748.0,0.02551124557060083
1021,2002,2,MANON,7584.0,0.019847895610118658
1022,2002,3,EMMA,6538.0,0.017110435324229404
1023,2002,4,CHLOÉ,6111.0,0.015992944366222984
1024,2002,5,CAMILLE,5830.0,0.015257546335310098
1025,2002,6,OCÉANE,5186.0,0.0135721501363496
1026,2002,7,CLARA,4771.0,0.01248606407646046
1027,2002,8,MARIE,4724.0,0.01236306155883446
1028,2002,9,SARAH,4626.0,0.012106588224210036
1029,2002,10,INÈS,4557.0,0.011926010060035698
1030,2003,1,LÉA,8986.0,0.023531814825095716
1031,2003,2,MANON,6925.0,0.018134633614932987
1032,2003,3,EMMA,6232.0,0.016319860893611895
1033,2003,4,CHLOÉ,5800.0,0.015188574002398748
1034,2003,5,CAMILLE,5370.0,0.014062524550496771
1035,2003,6,OCÉANE,4873.0,0.012761020881670533
1036,2003,7,INÈS,4829.0,0.01264579721682475
1037,2003,8,MARIE,4823.0,0.012630084898891234
1038,2003,9,CLARA,4706.0,0.012323694699187673
1039,2003,10,SARAH,4520.0,0.011836612843248679
1040,2004,1,LÉA,7396.0,0.019258360435474336
1041,2004,2,EMMA,6634.0,0.017274197286227252
1042,2004,3,MANON,6293.0,0.016386271257495946
1043,2004,4,CHLOÉ,5446.0,0.014180777573227858
1044,2004,5,CLARA,5374.0,0.013993297590621834
1045,2004,6,CAMILLE,5293.0,0.013782382610190057
1046,2004,7,INÈS,4673.0,0.012167971648860408
1047,2004,8,SARAH,4514.0,0.011753953353938772
1048,2004,9,OCÉANE,4471.0,0.01164198614210462
1049,2004,10,MARIE,4163.0,0.010839988438734406
1050,2005,1,EMMA,7099.0,0.018293609992294985
1051,2005,2,LÉA,6640.0,0.01711080016183106
1052,2005,3,CLARA,6035.0,0.015551758882025672
1053,2005,4,MANON,5925.0,0.015268296831151964
1054,2005,5,CHLOÉ,5270.0,0.013580409164585798
1055,2005,6,CAMILLE,5002.0,0.012889792531548037
1056,2005,7,INÈS,4674.0,0.012044560234397346
1057,2005,8,SARAH,4670.0,0.012034252523456485
1058,2005,9,JADE,4040.0,0.010410788050270707
1059,2005,10,LUCIE,4032.0,0.010390172628388983
1060,2006,1,EMMA,7104.0,0.01780089756214904
1061,2006,2,LÉA,6507.0,0.016304960647086683
1062,2006,3,CLARA,6056.0,0.01517486425061579
1063,2006,4,MANON,5575.0,0.013969595144845281
1064,2006,5,CHLOÉ,5204.0,0.013039959306506699
1065,2006,6,CAMILLE,5020.0,0.012578900022802389
1066,2006,7,INÈS,4833.0,0.012110323468168116
1067,2006,8,SARAH,4583.0,0.011483884224004651
1068,2006,9,JADE,4500.0,0.01127590639494238
1069,2006,10,LOLA,4061.0,0.010175879082191334
1070,2007,1,EMMA,6741.0,0.017123218077810178
1071,2007,2,LÉA,5832.0,0.01481421270283177
1072,2007,3,CLARA,5210.0,0.013234233227323993
1073,2007,4,CHLOÉ,5147.0,0.01307420315183044
1074,2007,5,MANON,5056.0,0.012843048598339752
1075,2007,6,INÈS,4772.0,0.012121643178654528
1076,2007,7,CAMILLE,4611.0,0.011712677430171004
1077,2007,8,SARAH,4593.0,0.01166695455145856
1078,2007,9,JADE,4523.0,0.011489143356465724
1079,2007,10,LOLA,3999.0,0.010158099553947917
1080,2008,1,EMMA,6766.0,0.017007734673306203
1081,2008,2,LÉA,5749.0,0.014451295689748353
1082,2008,3,JADE,5469.0,0.013747458014825837
1083,2008,4,MANON,5349.0,0.013445813297001903
1084,2008,5,CHLOÉ,5071.0,0.01274700303404312
1085,2008,6,INÈS,4727.0,0.011882288176281173
1086,2008,7,CAMILLE,4619.0,0.011610807930239631
1087,2008,8,CLARA,4532.0,0.011392115509817278
1088,2008,9,SARAH,4470.0,0.011236265738941579
1089,2008,10,LOLA,3642.0,0.009154917185956428
1090,2009,1,EMMA,6586.0,0.016609586450047665
1091,2009,2,JADE,5502.0,0.013875788740990321
1092,2009,3,LÉA,5286.0,0.013331046762063765
1093,2009,4,CHLOÉ,5020.0,0.012660207102830136
1094,2009,5,MANON,4939.0,0.012455928860732678
1095,2009,6,INÈS,4731.0,0.011931362510655253
1096,2009,7,CAMILLE,4304.0,0.01085448832083285
1097,2009,8,SARAH,4101.0,0.010342531738786133
1098,2009,9,ZOÉ,4040.0,0.010188692568811504
1099,2009,10,LOLA,4022.0,0.010143297403900959
1100,2010,1,EMMA,6401.0,0.01593184227949046
1101,2010,2,MANON,5044.0,0.012554321583775953
1102,2010,3,LOLA,4907.0,0.012213333864311776
1103,2010,4,JADE,4844.0,0.012056529292587374
1104,2010,5,CAMILLE,4155.0,0.010341634849442722
1105,2010,6,SARAH,4131.0,0.010281899774500091
1106,2010,7,LOUISE,3924.0,0.009766684753119913
1107,2010,8,LILOU,3811.0,0.009485432108598367
1108,2010,9,LÉA,3406.0,0.008477402718941495
1109,2010,10,CLARA,3324.0,0.008273307879554177
1110,2011,1,EMMA,5924.0,0.014934478881477111
1111,2011,2,MANON,4834.0,0.012186575103487569
1112,2011,3,JADE,4621.0,0.011649599411091447
1113,2011,4,LOLA,4409.0,0.011115144731335683
1114,2011,5,CAMILLE,3901.0,0.009834470310034135
1115,2011,6,LOUISE,3872.0,0.00976136094346377
1116,2011,7,SARAH,3620.0,0.00912606575809371
1117,2011,8,LILOU,3464.0,0.00873278778619796
1118,2011,9,LINA,3348.0,0.008440350319916504
1119,2011,10,CHLOÉ,3131.0,0.007893290576958954
1120,2012,1,EMMA,5183.0,0.013135086367691185
1121,2012,2,LOUISE,4443.0,0.011259731570837726
1122,2012,3,MANON,4342.0,0.01100377098369962
1123,2012,4,JADE,4159.0,0.010540000810964236
1124,2012,5,CHLOÉ,4157.0,0.010534932284486254
1125,2012,6,LOLA,4014.0,0.010172532641310518
1126,2012,7,LÉA,3729.0,0.009450267618198038
1127,2012,8,CAMILLE,3708.0,0.009397048090179223
1128,2012,9,LINA,3451.0,0.008745742437758495
1129,2012,10,SARAH,3306.0,0.008378274268104776
1130,2013,1,EMMA,4789.0,0.01227011155578558
1131,2013,2,LOUISE,4482.0,0.011483533095224674
1132,2013,3,CHLOÉ,4315.0,0.011055654909838123
1133,2013,4,JADE,4225.0,0.010825061875797468
1134,2013,5,MANON,3998.0,0.01024345500105048
1135,2013,6,LÉA,3965.0,0.01015890422190224
1136,2013,7,LOLA,3764.0,0.009643913112544774
1137,2013,8,CAMILLE,3451.0,0.008841961783047825
1138,2013,9,INÈS,3338.0,0.008552439418085669
1139,2013,10,LINA,3301.0,0.008457640059646731
1140,2014,1,JADE,4694.0,0.012008155517637458
1141,2014,2,LOUISE,4641.0,0.011872571316010959
1142,2014,3,EMMA,4499.0,0.011509307983351284
1143,2014,4,CHLOÉ,3864.0,0.009884855756316816
1144,2014,5,MANON,3828.0,0.009792760826910139
1145,2014,6,LÉA,3537.0,0.009048326814206155
1146,2014,7,LOLA,3515.0,0.00899204657956874
1147,2014,8,LINA,3349.0,0.008567386627304613
1148,2014,9,ALICE,3241.0,0.008291101839084576
1149,2014,10,CAMILLE,3189.0,0.008158075829941597
1150,2015,1,LOUISE,4540.0,0.01195425784860222
1151,2015,2,EMMA,4399.0,0.011582991250220522
1152,2015,3,JADE,4292.0,0.011301249930881219
1153,2015,4,CHLOÉ,3598.0,0.009473880999839382
1154,2015,5,MANON,3530.0,0.00929483044175459
1155,2015,6,ALICE,3336.0,0.00878400973192445
1156,2015,7,LINA,3191.0,0.008402210747773059
1157,2015,8,LÉA,3100.0,0.00816259897151253
1158,2015,9,LOLA,3061.0,0.008059908210258017
1159,2015,10,CAMILLE,3020.0,0.007951951256118658
